{
    "min": 0.06449508666992188,
    "min_max": 0.10977554321289062,
    "max": 1.0681848526000977
}