{
    "min": 0.0377395890968526,
    "min_max": 0.04832055322412643,
    "max": 0.8301291045760159
}