{
    "min": 0.039357980834243245,
    "min_max": 0.07662397766832274
}